[{"model": "welcome.group1", "pk": 1, "fields": {"name": "\u5e38\u52a1\u90e8", "description": "\u8d1f\u8d23\u534f\u4f1a\u5185\u90e8\u5404\u65b9\u9762\u7684\u534f\u8c03\u4ee5\u53ca\u4e0e\u793e\u8054\u7684\u6c9f\u901a\uff0c\u65f6\u523b\u5173\u6ce8\u534f\u4f1a\u52a8\u6001\u3001\u8ddf\u8fdb\u6d3b\u52a8\uff0c\u5e76\u5904\u7406\u6587\u6863\u3001\u8d22\u52a1\u3001\u7269\u8d44\u7b49\u5404\u9879\u4e8b\u52a1\u3002\u5728\u8fd9\u91cc\uff0c\u4f60\u7684\u7ec6\u5fc3\u5c06\u4f1a\u6210\u4e3a\u793e\u56e2\u7684\u57fa\u77f3\u3002"}}, {"model": "welcome.group1", "pk": 2, "fields": {"name": "\u7ec4\u7ec7\u90e8", "description": "\u7ec4\u7ec7\u90e8\uff1a\u8d1f\u8d23\u7ec4\u7ec7\u5185\u90e8\u6d3b\u52a8\uff0c\u589e\u5f3a\u793e\u56e2\u51dd\u805a\u529b\uff0c\u4fc3\u8fdb\u5927\u5bb6\u8ba4\u8bc6\uff0c\u7ef4\u62a4\u793e\u56e2\u5173\u7cfb\u3002\u5982\u679c\u4f60\u591f\u6709\u60f3\u6cd5\uff0c\u591f\u5927\u80c6\uff0c\u7231\u73a9\u7231\u75af\uff0c\u90a3\u4e48\u4e00\u5b9a\u8981\u6765\u7ec4\u7ec7\u90e8\u7ec4\u7ec7\u4e00\u573a\u96be\u5fd8\u7684\u6d3b\u52a8\u3002"}}, {"model": "welcome.group1", "pk": 3, "fields": {"name": "\u5ba3\u4f20\u90e8", "description": "\u5ba3\u4f20\u90e8\uff1a\u8d1f\u8d23\u534f\u4f1a\u65e5\u5e38\u5404\u79cd\u6d3b\u52a8\u7684\u7ebf\u4e0a\u7ebf\u4e0b\u7684\u5ba3\u4f20\u5de5\u4f5c\uff0c\u7ebf\u4e0b\u5ba3\u4f20\u6d77\u62a5\u5236\u4f5c\uff0c\u7ebf\u4e0a\u5ba3\u4f20\u5185\u5bb9\u7f16\u8f91\uff0c\u8fd0\u8425\u516c\u4f17\u53f7\uff0c\u8fd0\u8425KS\u5c0f\u52a9\u624b\u3002\u5728\u8fd9\u91cc\u4f60\u80fd\u5b66\u5230\u600e\u4e48\u5199\u4e00\u7bc7\u4ee4\u4eba\u5370\u8c61\u6df1\u523b\u7684\u63a8\u6587\uff0c\u7ec3\u4e60\u4e00\u5b9a\u57fa\u7840\u7684PS\u6280\u80fd\uff0c\u6ca1\u51c6\u4f60\u8fd8\u80fd\u5b66\u5230\u600e\u4e48\u526a\u8f91\u89c6\u9891\u3002"}}, {"model": "welcome.group1", "pk": 4, "fields": {"name": "\u6682\u65f6\u8fd8\u4e0d\u6e05\u695a", "description": ""}}, {"model": "welcome.group2", "pk": 1, "fields": {"name": "\u5e38\u52a1\u90e8", "description": "\u5e38\u52a1\u90e8\uff1a\u8d1f\u8d23\u534f\u4f1a\u5185\u90e8\u5404\u65b9\u9762\u7684\u534f\u8c03\u4ee5\u53ca\u4e0e\u793e\u8054\u7684\u6c9f\u901a\uff0c\u65f6\u523b\u5173\u6ce8\u534f\u4f1a\u52a8\u6001\u3001\u8ddf\u8fdb\u6d3b\u52a8\uff0c\u5e76\u5904\u7406\u6587\u6863\u3001\u8d22\u52a1\u3001\u7269\u8d44\u7b49\u5404\u9879\u4e8b\u52a1\u3002\u5728\u8fd9\u91cc\uff0c\u4f60\u7684\u7ec6\u5fc3\u5c06\u4f1a\u6210\u4e3a\u793e\u56e2\u7684\u57fa\u77f3"}}, {"model": "welcome.group2", "pk": 2, "fields": {"name": "\u7ec4\u7ec7\u90e8", "description": "\u7ec4\u7ec7\u90e8\uff1a\u8d1f\u8d23\u7ec4\u7ec7\u5185\u90e8\u6d3b\u52a8\uff0c\u589e\u5f3a\u793e\u56e2\u51dd\u805a\u529b\uff0c\u4fc3\u8fdb\u5927\u5bb6\u8ba4\u8bc6\uff0c\u7ef4\u62a4\u793e\u56e2\u5173\u7cfb\u3002\u5982\u679c\u4f60\u591f\u6709\u60f3\u6cd5\uff0c\u591f\u5927\u80c6\uff0c\u7231\u73a9\u7231\u75af\uff0c\u90a3\u4e48\u4e00\u5b9a\u8981\u6765\u7ec4\u7ec7\u90e8\u7ec4\u7ec7\u4e00\u573a\u96be\u5fd8\u7684\u6d3b\u52a8\u3002"}}, {"model": "welcome.group2", "pk": 3, "fields": {"name": "\u5ba3\u4f20\u90e8", "description": "\u5ba3\u4f20\u90e8\uff1a\u8d1f\u8d23\u534f\u4f1a\u65e5\u5e38\u5404\u79cd\u6d3b\u52a8\u7684\u7ebf\u4e0a\u7ebf\u4e0b\u7684\u5ba3\u4f20\u5de5\u4f5c\uff0c\u7ebf\u4e0b\u5ba3\u4f20\u6d77\u62a5\u5236\u4f5c\uff0c\u7ebf\u4e0a\u5ba3\u4f20\u5185\u5bb9\u7f16\u8f91\uff0c\u8fd0\u8425\u516c\u4f17\u53f7\uff0c\u8fd0\u8425KS\u5c0f\u52a9\u624b\u3002\u5728\u8fd9\u91cc\u4f60\u80fd\u5b66\u5230\u600e\u4e48\u5199\u4e00\u7bc7\u4ee4\u4eba\u5370\u8c61\u6df1\u523b\u7684\u63a8\u6587\uff0c\u7ec3\u4e60\u4e00\u5b9a\u57fa\u7840\u7684PS\u6280\u80fd\uff0c\u6ca1\u51c6\u4f60\u8fd8\u80fd\u5b66\u5230\u600e\u4e48\u526a\u8f91\u89c6\u9891\u3002"}}, {"model": "welcome.group2", "pk": 4, "fields": {"name": "\u6682\u65f6\u8fd8\u4e0d\u6e05\u695a", "description": ""}}, {"model": "welcome.room", "pk": 1, "fields": {"name": "Jazz", "description": "https://baike.baidu.com/item/%E7%88%B5%E5%A3%AB%E8%88%9E/1009786?fr=aladdin"}}, {"model": "welcome.room", "pk": 2, "fields": {"name": "Popping", "description": "https://baike.baidu.com/item/poping?fromtitle=POPPIN&fromid=934590"}}, {"model": "welcome.room", "pk": 3, "fields": {"name": "Breaking", "description": ""}}, {"model": "welcome.room", "pk": 4, "fields": {"name": "HipHop", "description": ""}}, {"model": "welcome.room", "pk": 5, "fields": {"name": "Locking", "description": ""}}, {"model": "welcome.room", "pk": 6, "fields": {"name": "\u6211\u6682\u65f6\u8fd8\u4e0d\u6e05\u695a", "description": ""}}, {"model": "welcome.newmember", "pk": 5, "fields": {"name": "\u674e\u8d1d\u8d1d", "sex": 1, "tel": "18571479476", "qq": "473126746", "wechat": "18571479476", "email": "", "college": "\u6750\u6599\u6210\u578b\u4e0e\u63a7\u5236 \u5927\u4e00  1706\u73ed", "dormitory": "\u97f5\u82d1", "guanli": 2, "group1": 4, "group2": 4, "room": 6, "introduction": "\u6211\u60f3\u5728\u821e\u793e\u91cc\u5b66\u4f1a\u821e\u8e48\uff0c\u5b66\u4f1a\u8857\u821e\uff0c\u8fd9\u6837\u53ef\u4ee5\u8ba9\u81ea\u5df1\u53d8\u5f97\u66f4\u6709\u9b45\u529b\uff5e\uff5e\uff5e"}}, {"model": "welcome.newmember", "pk": 6, "fields": {"name": "\u674e\u51cc\u6625\u5b50", "sex": 0, "tel": "13317162889", "qq": "542454671", "wechat": "l13317162889", "email": "", "college": "\u7ba1\u7406\u5b66\u9662\u7814\u4e00", "dormitory": "\u6c81\u82d1", "guanli": 0, "group1": null, "group2": null, "room": 1, "introduction": "\u4ece\u5c0f\u559c\u6b22\u8df3\u821e\uff0c\u5b66\u8fc7\u82ad\u857e\u548c\u7235\u58eb\uff0c\u4e4b\u524d\u5728\u7406\u5de5\u5728\u5927\u827a\u56e2\u821e\u8e48\u961f\u5446\u4e86\u56db\u5e74\uff0c\u4e0a\u8fc7\u4e00\u4e9b\u5927\u5927\u5c0f\u5c0f\u7684\u821e\u53f0\uff0c\u5728b\u7ad9\u4e0a\u53d1\u8fc7\u4e00\u4e9b\u89c6\u9891\uff0c\u6bd5\u4e1a\u4e86\u4e5f\u603b\u4f1a\u56de\u53bb\u7ea6\u821e\uff0c\u5c3d\u7ba1\u8981\u8dd1\u597d\u8fdc\u4e5f\u8fd8\u662f\u5f88\u5f00\u5fc3\u3002\u6240\u4ee5\u521a\u6765\u534e\u79d1\uff0c\u7b2c\u4e00\u4e2a\u60f3\u5230\u7684\u662f\u52a0\u4e2a\u821e\u793e\uff0c\u4ee5\u540e\u4e0d\u7528\u8dd1\u8fdc\u8def\u4e5f\u80fd\u6709\u821e\u5ba4\u548c\u821e\u53cb\u4eec\u73a9\u513f\u4e86\uff0c\u5e0c\u671b\u80fd\u5728\u8fd9\u91cc\u8ba4\u8bc6\u66f4\u591a\u817b\u5bb3\u7684\u65b0\u670b\u53cb\uff0c\u5982\u679c\u80fd\u4e0a\u53f0\u800d\u800d\u5f53\u7136\u662f\u7f8e\u6ecb\u6ecb\u5566\uff5e\u671f\u5f85"}}, {"model": "welcome.newmember", "pk": 7, "fields": {"name": "\u738b\u6dd1\u4e91", "sex": 0, "tel": "18256064576", "qq": "1282333872", "wechat": "wsy1282333872", "email": "", "college": "\u7535\u6c14\u5de5\u7a0b \u7814\u7a76\u751f 2017\u7ea7", "dormitory": "\u7d2b\u83d8", "guanli": 0, "group1": 4, "group2": 4, "room": 1, "introduction": "\u6211\u5b66\u4e86\u4e24\u4e2a\u6708\u7684JAZZ \u76ee\u524d\u6c34\u5e73\u8fd8\u5f88\u4e00\u822c \u4f46\u662f\u5f88\u559c\u6b22\u8df3\u821e \u8df3\u821e\u5f00\u5fc3\u5440\uff5e \u8ba9\u4eba\u5fc3\u60c5\u597d\uff5e\r\n\u5e0c\u671b\u52a0\u5165KS \u9047\u5230\u66f4\u591a\u7231\u8df3\u821e\u7684\u5c0f\u4f19\u4f34 \u4ee5\u53ca \u5e0c\u671b\u81ea\u5df1\u4e5f\u80fd\u8df3\u7684\u8d8a\u6765\u8d8a\u597d \u671f\u5f85\u52a0\u5165"}}, {"model": "welcome.newmember", "pk": 8, "fields": {"name": "\u621a\u664f\u65fb", "sex": 0, "tel": "13871344816", "qq": "530642589", "wechat": "", "email": "", "college": "\u8ba1\u7b97\u673a\u7855\u58eb\u4e8c\u5e74\u7ea7", "dormitory": "\u6c81\u82d1", "guanli": 0, "group1": null, "group2": null, "room": 1, "introduction": "\u840c\u65b0\u53ea\u60f3\u597d\u597d\u5b66\u4e00\u6bb5\u65f6\u95f4jazz"}}, {"model": "welcome.newmember", "pk": 10, "fields": {"name": "\u5218\u96ea\u83f2", "sex": 0, "tel": "18995996937", "qq": "519336164", "wechat": "18995996937", "email": "", "college": "\u7535\u5b50\u4e0e\u901a\u4fe1\u5de5\u7a0b \u7814\u4e00", "dormitory": "\u7d2b\u83d8", "guanli": 2, "group1": 3, "group2": 4, "room": 1, "introduction": "\u5e0c\u671b\u81ea\u5df1\u80fd\u591f\u52a0\u5165ks\u821e\u8e48\u793e\uff0c\u80fd\u591f\u4e0e\u81ea\u5df1\u6709\u76f8\u540c\u7231\u597d\u7684\u4eba\u4e00\u8d77\u5c2c\u821e\u662f\u5f88\u5f00\u5fc3\u7684\u4e8b\u3002\u540c\u65f6\u4e5f\u5e0c\u671b\u81ea\u5df1\u8df3\u821e\u80fd\u591f\u8d8a\u6765\u8d8a\u597d\uff0cJazz\u662f\u6211\u751f\u6d3b\u7684\u4e00\u90e8\u5206\uff0c\u7231\u821e\u8e48\u7231\u751f\u6d3b\u3002"}}, {"model": "welcome.newmember", "pk": 11, "fields": {"name": "\u5434\u97f5\u97f5", "sex": 0, "tel": "15827605001", "qq": "912965733", "wechat": "912965733", "email": "", "college": "\u673a\u68b0\u5b66\u966216\u7ea7", "dormitory": "\u97f5\u82d1", "guanli": 1, "group1": 3, "group2": null, "room": 1, "introduction": "\u821e\u9f848\u5e74\uff0c\u8df3\u7235\u58eb3\u5e74\uff0c\u89c9\u5f97\u6700\u5f00\u5fc3\u7684\u4e8b\u5c31\u662f\u80fd\u968f\u65f6\u968f\u5730\u60f3\u8df3\u5c31\u8df3\uff0c\u62a5\u540d\u6700\u5927\u7684\u539f\u56e0\u662f\u60f3\u8ba4\u8bc6\u66f4\u591a\u5fd7\u540c\u9053\u5408\u70ed\u7231\u8df3\u821e\u7684\u670b\u53cb\uff0c\u4e00\u8d77\u4ea4\u6d41\u4e00\u8d77\u5b66\u4e60\uff0c\u4e00\u8d77\u8df3\u821e\u3002"}}, {"model": "welcome.newmember", "pk": 12, "fields": {"name": "\u5f20\u827a\u6587", "sex": 1, "tel": "15927659073", "qq": "531861469", "wechat": "", "email": "", "college": "\u8ba1\u7b97\u673a\u7814\u4e00", "dormitory": "\u97f5\u82d1", "guanli": 0, "group1": null, "group2": null, "room": 4, "introduction": ""}}, {"model": "welcome.newmember", "pk": 13, "fields": {"name": "\u53f2\u4fca\u6770", "sex": 1, "tel": "18326136571", "qq": "75082117", "wechat": "", "email": "", "college": "\u7535\u6c14\u5de5\u7a0b \u7814\u4e00", "dormitory": "\u7d2b\u83d8", "guanli": 2, "group1": 4, "group2": 4, "room": 3, "introduction": ""}}, {"model": "welcome.newmember", "pk": 14, "fields": {"name": "\u6768\u65f6\u8302", "sex": 1, "tel": "18727524387", "qq": "1725493773", "wechat": "", "email": "", "college": "\u751f\u79d1 \u672c\u79d1 2017\u7ea7", "dormitory": "\u97f5\u82d1", "guanli": 2, "group1": null, "group2": null, "room": 4, "introduction": ""}}, {"model": "welcome.newmember", "pk": 15, "fields": {"name": "\u8881\u5e05", "sex": 1, "tel": "18071092653", "qq": "1649503252", "wechat": "", "email": "", "college": "\u7406\u8bba\u7269\u7406 \u7855\u58eb\u7814\u7a76\u751f 17\u7ea7", "dormitory": "\u7d2b\u83d8", "guanli": 0, "group1": null, "group2": null, "room": 3, "introduction": ""}}, {"model": "welcome.newmember", "pk": 16, "fields": {"name": "\u5b8b\u4f1f", "sex": 1, "tel": "18952580930", "qq": "798497432", "wechat": "", "email": "", "college": "\u673a\u68b0\u672c\u79d1\u5927\u4e09", "dormitory": "\u97f5\u82d1", "guanli": 0, "group1": null, "group2": null, "room": 3, "introduction": ""}}, {"model": "welcome.newmember", "pk": 17, "fields": {"name": "\u90ed\u654f", "sex": 0, "tel": "15868207668", "qq": "954797668", "wechat": "", "email": "", "college": "\u56fd\u9645\u5546\u52a1\u672c\u79d1\u5927\u4e8c", "dormitory": "\u97f5\u82d1", "guanli": 0, "group1": null, "group2": null, "room": 1, "introduction": ""}}, {"model": "welcome.newmember", "pk": 18, "fields": {"name": "\u9ec4\u5fc5\u51cc", "sex": 1, "tel": "13006366176", "qq": "384272796", "wechat": "", "email": "", "college": "\u7535\u6c14-1510", "dormitory": "\u7d2b\u83d8", "guanli": 1, "group1": 4, "group2": 4, "room": 3, "introduction": ""}}, {"model": "welcome.newmember", "pk": 19, "fields": {"name": "\u5f20\u5170", "sex": 0, "tel": "13006181157", "qq": "1183392077", "wechat": "", "email": "", "college": "\u7535\u4fe1\u785517", "dormitory": "\u6c81\u82d1", "guanli": 0, "group1": null, "group2": null, "room": 6, "introduction": ""}}, {"model": "welcome.newmember", "pk": 20, "fields": {"name": "\u90ed\u6668", "sex": 0, "tel": "18225082406", "qq": "", "wechat": "", "email": "", "college": "\u5316\u5b66\u96622016\u7ea7", "dormitory": "\u7d2b\u83d8", "guanli": 0, "group1": null, "group2": null, "room": 4, "introduction": ""}}, {"model": "welcome.newmember", "pk": 21, "fields": {"name": "\u7f57\u96e8\u854a", "sex": 0, "tel": "13692286536", "qq": "", "wechat": "13692286536", "email": "", "college": "\u65e5\u8bed\u672c\u79d117\u7ea7", "dormitory": "\u97f5\u82d1", "guanli": 2, "group1": 4, "group2": 4, "room": 4, "introduction": "\u53ef\u4ee5\u8bf4\u662f\u96f6\u57fa\u7840\u4e86\uff0c\u6c42\u5927\u795e\u5e26\u98de"}}, {"model": "welcome.newmember", "pk": 22, "fields": {"name": "\u9648\u6b46\u5ff1", "sex": 0, "tel": "15927543575", "qq": "857122330", "wechat": "", "email": "", "college": "\u82f1\u5546 \u672c\u79d1 \u5927\u4e09", "dormitory": "\u97f5\u82d1", "guanli": 2, "group1": 4, "group2": 4, "room": 6, "introduction": ""}}, {"model": "welcome.newmember", "pk": 23, "fields": {"name": "\u738b\u7a0b\u7a0b", "sex": 0, "tel": "15072225835", "qq": "304929066", "wechat": "", "email": "", "college": "\u65e5\u8bed\u7cfb", "dormitory": "\u97f5\u82d1", "guanli": 2, "group1": 4, "group2": 4, "room": 4, "introduction": ""}}, {"model": "welcome.newmember", "pk": 24, "fields": {"name": "\u738b\u7a0b\u7a0b", "sex": 0, "tel": "15072225835", "qq": "304929066", "wechat": "", "email": "", "college": "\u65e5\u8bed\u7cfb", "dormitory": "\u97f5\u82d1", "guanli": 2, "group1": 4, "group2": 4, "room": 4, "introduction": ""}}, {"model": "welcome.newmember", "pk": 25, "fields": {"name": "\u5f20\u5c0f\u5706", "sex": 0, "tel": "18163557132", "qq": "", "wechat": "", "email": "", "college": "\u6c49\u6559\u672c\u79d11501", "dormitory": "\u97f5\u82d1", "guanli": 1, "group1": 4, "group2": 4, "room": 4, "introduction": "\u559c\u6b22\u821e\u8e48\u4f46\u662f\u5bb3\u6015\u4e0a\u53f0\u3002\r\n\u6211\u5176\u5b9e\u5e76\u4e0d\u4e86\u89e3KS\u821e\u793e\uff0c\u4f46\u611f\u89c9\u5f88\u5389\u5bb3\u7684\u6837\u5b50\u3002"}}, {"model": "welcome.newmember", "pk": 26, "fields": {"name": "\u8d39\u4e1c\u82b3", "sex": 0, "tel": "15827486482", "qq": "1185919109", "wechat": "", "email": "", "college": "\u6c49\u8bed\u8a00\u6587\u5b66 \u5927\u4e8c", "dormitory": "\u97f5\u82d1", "guanli": 0, "group1": null, "group2": null, "room": 1, "introduction": ""}}, {"model": "welcome.newmember", "pk": 27, "fields": {"name": "\u8463\u73c2\u542b", "sex": 0, "tel": "13971531260", "qq": "1271170344", "wechat": "", "email": "", "college": "\u793e\u4f1a\u5b66\u5927\u4e00", "dormitory": "\u7d2b\u83d8", "guanli": 1, "group1": 4, "group2": 4, "room": 1, "introduction": ""}}, {"model": "welcome.newmember", "pk": 28, "fields": {"name": "\u9c81\u827a", "sex": 0, "tel": "17772138483", "qq": "460281463", "wechat": "", "email": "", "college": "\u536b\u7ba1\u672c\u79d117", "dormitory": "\u97f5\u82d1", "guanli": 2, "group1": null, "group2": null, "room": 4, "introduction": "\u504f\u5c0f\u767d\u5411\u5404\u4f4d\u5927\u4f6c\u6c42\u6559\ud83c\udf38"}}, {"model": "welcome.newmember", "pk": 29, "fields": {"name": "\u8d75\u7eee\u73ca", "sex": 0, "tel": "15602889043", "qq": "857729422", "wechat": "\u540c\u4e0a", "email": "", "college": "\u56fd\u9645\u5546\u52a11601", "dormitory": "\u97f5\u82d1", "guanli": 0, "group1": null, "group2": null, "room": 6, "introduction": ""}}, {"model": "welcome.newmember", "pk": 30, "fields": {"name": "\u5218\u73ae\u7426", "sex": 0, "tel": "15927508171", "qq": "2669397433", "wechat": "klxbfd6570", "email": "", "college": "17\u7ea7\u672c\u79d1-\u516c\u5171\u4e8b\u4e1a\u7ba1\u7406", "dormitory": "\u7d2b\u83d8", "guanli": 0, "group1": null, "group2": null, "room": 4, "introduction": ""}}, {"model": "welcome.newmember", "pk": 31, "fields": {"name": "\u738b\u5ca9", "sex": 1, "tel": "17363328776", "qq": "1090038086", "wechat": "", "email": "", "college": "\u7535\u5b50\u4fe1\u606f\u7c7b\u5927\u4e001712", "dormitory": "\u97f5\u82d1", "guanli": 2, "group1": 3, "group2": 4, "room": 3, "introduction": "\u5e0c\u671b\u6709\u4e00\u4e2a\u53ef\u4ee5\u7ecf\u5e38\u7ec3\u821e\u7684\u5730\u65b9\uff0c\u8fd8\u6709\u6709\u591a\u7ec4\u7ec7\u5c2c\u821e\uff0c\u6700\u540e\u8fd8\u5e0c\u671b\u6709\u5927\u4f6c\u6559\u4e00\u4e0bpowermove \uff0c\u548cfreeze\u8fd8\u6709\u5176\u4ed6\u8854\u63a5\u7684\u4e1c\u897f"}}, {"model": "welcome.newmember", "pk": 32, "fields": {"name": "\u8c22\u94b0\u6587", "sex": 1, "tel": "13260680207", "qq": "1010309759", "wechat": "qq1010309759", "email": "", "college": "\u5e94\u7528\u5316\u5b66\uff0c15\u7ea7", "dormitory": "\u7d2b\u83d8", "guanli": 0, "group1": null, "group2": null, "room": 4, "introduction": ""}}, {"model": "welcome.newmember", "pk": 33, "fields": {"name": "\u8f66\u6d2a", "sex": 0, "tel": "15623912385", "qq": "319758602", "wechat": "18259671838", "email": "", "college": "\u6cd5\u5b66\u966217\u7ea7", "dormitory": "\u7d2b\u83d8", "guanli": 2, "group1": 4, "group2": 4, "room": 6, "introduction": ""}}, {"model": "welcome.newmember", "pk": 34, "fields": {"name": "\u5f90\u5353", "sex": 1, "tel": "17362974695", "qq": "1939180034", "wechat": "xuzhuo13667163629", "email": "", "college": "\u5efa\u7b51\u4e0e\u571f\u6728\u5de5\u7a0b\u7814\u4e00", "dormitory": "\u97f5\u82d1", "guanli": 2, "group1": null, "group2": null, "room": 2, "introduction": ""}}, {"model": "welcome.newmember", "pk": 35, "fields": {"name": "\u6768\u4e3d", "sex": 0, "tel": "15007137559", "qq": "2524719236", "wechat": "15007137559", "email": "", "college": "\u4f1a\u8ba1\u7855\u58eb2", "dormitory": "\u97f5\u82d1", "guanli": 2, "group1": 2, "group2": 4, "room": 1, "introduction": "\u8001\u5e74\u4eba\u80fd\u52a0\u5165\u4e0d\uff1f\u563b\u563b"}}, {"model": "welcome.newmember", "pk": 36, "fields": {"name": "\u5c39\u73fa", "sex": 0, "tel": "15271933817", "qq": "2250516366", "wechat": "838145200", "email": "", "college": "\u91d1\u878d17\u7ea7", "dormitory": "\u97f5\u82d1", "guanli": 0, "group1": null, "group2": null, "room": 4, "introduction": ""}}, {"model": "welcome.newmember", "pk": 37, "fields": {"name": "\u4e8e\u5c0f\u96c5", "sex": 0, "tel": "15827372116", "qq": "654018037", "wechat": "", "email": "", "college": "\u7535\u5b50\u4fe1\u606f\u5de5\u7a0b-2017\u7ea7", "dormitory": "\u97f5\u82d1", "guanli": 1, "group1": 4, "group2": 4, "room": 1, "introduction": ""}}, {"model": "welcome.newmember", "pk": 38, "fields": {"name": "\u4e8e\u5c0f\u96c5", "sex": 0, "tel": "15827372116", "qq": "654018037", "wechat": "", "email": "", "college": "\u7535\u5b50\u4fe1\u606f\u5de5\u7a0b-2017\u7ea7", "dormitory": "\u97f5\u82d1", "guanli": 1, "group1": 4, "group2": 4, "room": 1, "introduction": ""}}, {"model": "welcome.newmember", "pk": 39, "fields": {"name": "\u9879\u5c0f\u96e8", "sex": 0, "tel": "15623302711", "qq": "302823301", "wechat": "", "email": "", "college": "\u7ba1\u5b9e-17", "dormitory": "\u97f5\u82d1", "guanli": 2, "group1": 4, "group2": 4, "room": 4, "introduction": "\u5e0c\u671b\u80fd\u5728ks\u4e00\u76f4\u5f00\u5fc3\u5730\u8df3\u821e\uff0c\u8ba4\u5f97\u66f4\u591a\u559c\u7231\u8df3\u821e\u7684\u5c0f\u4f19\u4f34"}}, {"model": "welcome.newmember", "pk": 40, "fields": {"name": "\u674e\u5b50\u7487", "sex": 0, "tel": "15207175289", "qq": "799669103", "wechat": "", "email": "", "college": "\u64ad\u4e3b17", "dormitory": "\u97f5\u82d1", "guanli": 2, "group1": 4, "group2": 4, "room": 4, "introduction": "\u80fd\u5426\u6392\u4e9b\u7c7b\u4f3curban\u8fd9\u79cd\u98ce\u683c\u7684\u821e\uff1f"}}, {"model": "welcome.newmember", "pk": 41, "fields": {"name": "\u5468\u7d2b\u9896", "sex": 0, "tel": "13018028015", "qq": "2363355047", "wechat": "", "email": "", "college": "\u4f1a\u8ba1\u5b66 \u672c\u79d1 1701", "dormitory": "\u97f5\u82d1", "guanli": 2, "group1": 4, "group2": 4, "room": 4, "introduction": ""}}, {"model": "welcome.newmember", "pk": 42, "fields": {"name": "\u8f66\u6d2a", "sex": 0, "tel": "15623912385", "qq": "319758602", "wechat": "18259671838", "email": "", "college": "\u6cd5\u5b66\u966217", "dormitory": "\u7d2b\u83d8", "guanli": 2, "group1": 4, "group2": 4, "room": 1, "introduction": ""}}, {"model": "welcome.newmember", "pk": 43, "fields": {"name": "\u8521\u80e4\u6c11", "sex": 1, "tel": "18271536440", "qq": "2454753402", "wechat": "", "email": "", "college": "\u5316\u5b66\u672c\u79d117", "dormitory": "\u7d2b\u83d8", "guanli": 1, "group1": 1, "group2": 3, "room": 1, "introduction": "\u539f\u6765\u53ea\u559c\u6b22\u7235\u58eb\uff0c\u4f46\u662f\u770b\u5230\u5ba3\u4f20\u540e\u5f88\u60f3\u52a0\u5165\u5b66\u4e60\u66f4\u591a\u7684\u821e\u79cd\uff0c\u7ed3\u8bc6\u66f4\u591a\u7684\u670b\u53cb\uff0c\u5f3a\u8eab\u5065\u4f53\u3002\u5e0c\u671b\u5728\u8fd9\u91cc\u80fd\u518d\u91cd\u5851\u81ea\u6211\uff01"}}]